year,state,GDP
1960,PR,1691.9
1961,PR,1865.1
1962,PR,2094.4
1963,PR,2333.6
1964,PR,2570.5
1965,PR,2881.5
1966,PR,3170.5
1967,PR,3532.7
1968,PR,3941.7
1969,PR,4460.7
1970,PR,5034.7
1971,PR,5646.8
1972,PR,6328.9
1973,PR,7002.4
1974,PR,7684.8
1975,PR,8198.3
1976,PR,8968.6
1977,PR,9910.9
1978,PR,11165.0
1979,PR,12750.0
1980,PR,14436.1
1981,PR,15955.7
1982,PR,16764.2
1983,PR,17276.6
1984,PR,19162.6
1985,PR,20289.2
1986,PR,22009.3
1987,PR,24025.8
1988,PR,26385.8
1989,AK,23833.74488328224
1989,AL,69157.49171544262
1989,AR,36825.651720542235
1989,AZ,67888.24672212677
1989,CA,714023.7578454363
1989,CO,71575.26546059409
1989,CT,94708.58963799354
1989,DC,38206.95749912733
1989,DE,18692.43228795438
1989,FL,241275.1808883034
1989,GA,133914.94628850356
1989,HI,29463.495575620767
1989,IA,52298.68191758583
1989,ID,17029.700752823086
1989,IL,263078.7620869268
1989,IN,106097.58131430986
1989,KS,48470.616250731655
1989,KY,65554.440027282
1989,LA,86416.88189215305
1989,MA,157672.90229570115
1989,MD,106113.18348514556
1989,ME,22562.4060546875
1989,MI,188756.08322969062
1989,MN,98395.48301487144
1989,MO,101148.49475435099
1989,MS,37261.615484400936
1989,MT,12711.464751277506
1989,NC,135134.49225545465
1989,ND,10747.778641638659
1989,NE,30883.11747851003
1989,NH,23605.1740234375
1989,NJ,204403.44010222296
1989,NM,24932.500974050683
1989,NV,27941.13410044628
1989,NY,476467.4856937992
1989,OH,217851.05570634134
1989,OK,54579.347505474565
1989,OR,52937.90556602837
1989,PA,234391.63207423023
1989,PR,28161.2
1989,RI,20929.793040971796
1989,SC,60883.317737993406
1989,SD,11730.493084190197
1989,TN,91382.44105866812
1989,TX,347801.26543627004
1989,UT,29026.99644464683
1989,VA,135625.66311398937
1989,VT,11049.453609574057
1989,WA,107953.4111193599
1989,WI,94102.48156907174
1989,WV,26737.59821063791
1989,WY,11401.25694680345
1990,AK,25446.50884225418
1990,AL,72409.39236984013
1990,AR,38365.01315854809
1990,AZ,70624.97448232208
1990,CA,763879.4705560345
1990,CO,75991.71646303765
1990,CT,98995.7812758729
1990,DC,40469.66103246326
1990,DE,19709.14236160608
1990,FL,256209.03348859173
1990,GA,140773.1403178982
1990,HI,32574.34889921657
1990,IA,55475.727746741155
1990,ID,18132.517141985147
1990,IL,275325.4707988216
1990,IN,109720.9662823757
1990,KS,51509.0905762784
1990,KY,68442.73714073127
1990,LA,93919.4232060823
1990,MA,158973.55423941725
1990,MD,111437.40979995532
1990,ME,23145.62484375
1990,MI,191208.7854747146
1990,MN,102843.21145890314
1990,MO,103296.89787923633
1990,MS,38812.84754162887
1990,MT,13327.41221190948
1990,NC,140981.3762972845
1990,ND,11529.143851861247
1990,NE,33250.704871060174
1990,NH,23596.2390625
1990,NJ,213655.04430082752
1990,NM,26605.870177307665
1990,NV,31084.724905082265
1990,NY,496542.966969598
1990,OH,227448.55604175158
1990,OK,57355.594425326904
1990,OR,56918.56236928266
1990,PA,246574.54433741033
1990,PR,30603.919
1990,RI,21531.081078855263
1990,SC,64664.5204142735
1990,SD,12705.546792630095
1990,TN,93885.05805792712
1990,TX,376614.0925847444
1990,UT,31640.31714450847
1990,VA,142827.58375500797
1990,VT,11599.938978252478
1990,WA,118518.58801451785
1990,WI,99063.77439251254
1990,WV,27831.650629638247
1990,WY,12665.294177593587
1991,AK,22644.75066022164
1991,AL,76891.87856416358
1991,AR,41233.46243606932
1991,AZ,73350.70333664888
1991,CA,780260.0266269915
1991,CO,80210.07073335884
1991,CT,100286.48489022754
1991,DC,42245.969980219525
1991,DE,21507.176324542645
1991,FL,267272.62581349106
1991,GA,147893.57118846348
1991,HI,34399.60979683973
1991,IA,57277.767120278855
1991,ID,18986.570382176404
1991,IL,284654.32295918366
1991,IN,113459.15940567113
1991,KS,53601.26881285585
1991,KY,71711.20498612052
1991,LA,94773.98071994034
1991,MA,160192.47939433283
1991,MD,113998.2925367948
1991,ME,23268.04107421875
1991,MI,195777.52514307984
1991,MN,106191.01785973259
1991,MO,108878.35743673789
1991,MS,40920.880776273676
1991,MT,13964.495124621964
1991,NC,147753.94968068166
1991,ND,11711.462400913184
1991,NE,35102.785100286535
1991,NH,24584.0486328125
1991,NJ,221188.29408891776
1991,NM,30301.68560231337
1991,NV,32896.82991407447
1991,NY,500715.1231585103
1991,OH,234011.58201100564
1991,OK,59168.390394794464
1991,OR,59811.481557694206
1991,PA,256508.6592796288
1991,PR,32287.031
1991,RI,21604.627053736876
1991,SC,67486.03201759746
1991,SD,13666.671162377994
1991,TN,100990.77402751376
1991,TX,391155.1734032511
1991,UT,33920.51792563532
1991,VA,148859.0691400033
1991,VT,11658.56467636083
1991,WA,125766.16350377382
1991,WI,103548.70404047557
1991,WV,29173.394109585497
1991,WY,12936.444119845099
1992,AK,23122.38081820325
1992,AL,82167.11665931028
1992,AR,44651.40026813645
1992,AZ,82673.77591102269
1992,CA,797357.590035915
1992,CO,87788.02491241499
1992,CT,104520.30899734491
1992,DC,44037.574355195284
1992,DE,22655.425736516983
1992,FL,284251.4456593926
1992,GA,160206.69187579752
1992,HI,36173.80744389855
1992,IA,61158.62646230244
1992,ID,20779.276475974093
1992,IL,302182.184279737
1992,IN,123432.62302850625
1992,KS,56501.72093864737
1992,KY,77565.8342579962
1992,LA,89689.06747639472
1992,MA,166877.13271732442
1992,MD,118054.4226564245
1992,ME,24213.53228515625
1992,MI,209976.8590928756
1992,MN,114614.07874743978
1992,MO,114988.43986155107
1992,MS,44075.41982099156
1992,MT,15033.345129836272
1992,NC,160846.85127296983
1992,ND,12918.571475680134
1992,NE,37666.52148997135
1992,NH,26141.71015625
1992,NJ,230018.2834872627
1992,NM,32645.202663419834
1992,NV,36173.87031239593
1992,NY,523235.10135194403
1992,OH,250689.1891486636
1992,OK,61725.355481449034
1992,OR,63787.10719714256
1992,PA,271272.10919274564
1992,PR,34630.43
1992,RI,22525.93946880791
1992,SC,71304.94747647563
1992,SD,14810.866840649303
1992,TN,111420.34056509551
1992,TX,413841.8832552129
1992,UT,36047.827801810956
1992,VA,156639.31090499973
1992,VT,12458.457675974778
1992,WA,134331.38917501856
1992,WI,111650.83124497114
1992,WV,30495.08163318077
1992,WY,13137.812826958354
1993,AK,23662.0012732846
1993,AL,85506.98850678385
1993,AR,47178.65087640896
1993,AZ,89291.11764173975
1993,CA,816210.1424800545
1993,CO,96191.54973650895
1993,CT,106418.80948982213
1993,DC,46249.29313113292
1993,DE,23250.81432050368
1993,FL,303952.2287433514
1993,GA,171814.17526150824
1993,HI,36777.55528880627
1993,IA,62657.195683521946
1993,ID,23264.893689172233
1993,IL,315841.9368136794
1993,IN,130750.65319891834
1993,KS,58538.29310913638
1993,KY,81654.67052494014
1993,LA,94599.31942669222
1993,MA,172948.83512431182
1993,MD,123960.35353428805
1993,ME,25082.3889453125
1993,MI,224147.4775137631
1993,MN,118045.95562290889
1993,MO,118597.03898218021
1993,MS,47408.215357760164
1993,MT,16157.549890499531
1993,NC,169597.9972948315
1993,ND,13071.839266916102
1993,NE,38789.203438395416
1993,NH,27164.266796875
1993,NJ,239601.79720947592
1993,NM,36884.137919488625
1993,NV,40174.34798174915
1993,NY,541156.0425108818
1993,OH,259652.5903581203
1993,OK,65042.36529312394
1993,OR,69841.60972120249
1993,PA,283189.62919274566
1993,PR,36922.456
1993,RI,23421.41140621783
1993,SC,75582.37097641452
1993,SD,16023.714259616889
1993,TN,119311.3673713715
1993,TX,441047.64816026407
1993,UT,39114.75860377953
1993,VA,165208.7097744361
1993,VT,12944.355411143997
1993,WA,142354.17053328385
1993,WI,118620.36052602783
1993,WV,31970.197222868665
1993,WY,13747.900197024255
1994,AK,23988.21250884225
1994,AL,91103.7764800706
1994,AR,50997.29877352401
1994,AZ,100364.01614974228
1994,CA,850690.68957431
1994,CO,105088.80804015661
1994,CT,111790.15263225512
1994,DC,47573.877128340384
1994,DE,25356.432751247325
1994,FL,326682.5189675399
1994,GA,188165.9434836653
1994,HI,37441.37754614261
1994,IA,69354.29757914339
1994,ID,25636.704279561873
1994,IL,343364.7149453505
1994,IN,141862.30111928846
1994,KS,62858.68585111478
1994,KY,87685.3788726617
1994,LA,103730.05923700226
1994,MA,185091.2432701306
1994,MD,131659.7911804125
1994,ME,26417.02443359375
1994,MI,249017.1059295978
1994,MN,128274.53003740123
1994,MO,130227.73946467228
1994,MS,51676.35675731179
1994,MT,17172.05159036396
1994,NC,183005.85534793648
1994,ND,14329.035855158856
1994,NE,42880.7335243553
1994,NH,28979.056640625
1994,NJ,250749.17292130456
1994,NM,41694.19918575451
1994,NV,45325.70297408912
1994,NY,559095.105969868
1994,OH,281969.07899755426
1994,OK,67720.3818895076
1994,OR,75862.90656414325
1994,PA,298166.1971353859
1994,PR,39690.63
1994,RI,24204.57665225448
1994,SC,81441.74646217769
1994,SD,17242.531395166763
1994,TN,129616.20220045748
1994,TX,473064.6612535724
1994,UT,43124.3478991891
1994,VA,174439.187816256
1994,VT,13602.155617037704
1994,WA,150650.67148962716
1994,WI,127923.27872265101
1994,WV,34688.78210637913
1994,WY,14026.028262789592
1995,AK,25862.14870313605
1995,AL,96888.64079717515
1995,AR,54167.272456427825
1995,AZ,109895.06803508454
1995,CA,900285.6723438293
1995,CO,113335.46438602172
1995,CT,121768.89259713935
1995,DC,48021.52329829733
1995,DE,27416.5563732478
1995,FL,346437.2220862952
1995,GA,203580.8655862203
1995,HI,37809.83394237153
1995,IA,72296.07990259276
1995,ID,27960.172233714267
1995,IL,359626.56004824524
1995,IN,148858.67050996242
1995,KS,64822.77154259565
1995,KY,91956.296911219
1995,LA,111384.56574392704
1995,MA,195754.59587229055
1995,MD,137347.45939539847
1995,ME,28019.383222656248
1995,MI,254097.77416505123
1995,MN,135237.36684773618
1995,MO,139696.0731993689
1995,MS,55063.23010627556
1995,MT,17631.9992856398
1995,NC,195300.26155398716
1995,ND,14867.97750015854
1995,NE,44464.7106017192
1995,NH,31645.64609375
1995,NJ,262605.220318676
1995,NM,42155.30092078228
1995,NV,49415.48149936722
1995,NY,586614.8253877559
1995,OH,297584.52009142254
1995,OK,70308.10596633924
1995,OR,82062.30660581405
1995,PA,314639.6176533108
1995,PR,42647.331
1995,RI,25393.23862466543
1995,SC,86588.54884516682
1995,SD,17962.87719609583
1995,TN,136766.8215851026
1995,TX,504604.6243302802
1995,UT,47331.37909172111
1995,VA,183482.47503430108
1995,VT,13802.874108866297
1995,WA,154910.30786263713
1995,WI,133728.58430928274
1995,WV,36250.13830838052
1995,WY,14562.346898566479
1996,AK,27171.058582881393
1996,AL,101263.94369878522
1996,AR,57503.87804756939
1996,AZ,119518.11076950899
1996,CA,952243.0263976684
1996,CO,121755.07828480583
1996,CT,127598.8011890827
1996,DC,48764.881061164335
1996,DE,28835.79660251841
1996,FL,370362.7397484714
1996,GA,220187.86432173048
1996,HI,38172.28289735759
1996,IA,77912.74897579143
1996,ID,29121.402641662993
1996,IL,378427.3449235761
1996,IN,156723.02914319132
1996,KS,69126.28387165433
1996,KY,96660.40949432897
1996,LA,117237.19924819042
1996,MA,209928.21372024989
1996,MD,143226.7246990643
1996,ME,29117.14828125
1996,MI,267668.33705082186
1996,MN,146002.39095754828
1996,MO,147871.77441324314
1996,MS,57542.797939520475
1996,MT,18235.86934508291
1996,NC,205746.31750441107
1996,ND,16519.863694590655
1996,NE,48304.893982808026
1996,NH,34311.2427734375
1996,NJ,277280.0068534805
1996,NM,44541.827471273114
1996,NV,54602.9581862386
1996,NY,624366.5967718397
1996,OH,311168.64363826934
1996,OK,75722.68046299192
1996,OR,93887.55401527928
1996,PA,326714.96562800504
1996,PR,45340.835
1996,RI,26291.69215565164
1996,SC,90069.04170230967
1996,SD,19320.987718565688
1996,TN,142855.72466703178
1996,TX,548123.5120946689
1996,UT,52667.372926773736
1996,VA,194832.1502442237
1996,VT,14578.91936687685
1996,WA,166369.56884640767
1996,WI,141766.47166646284
1996,WV,37328.14596229928
1996,WY,15702.771655683131
1997,AK,25859.1
1997,AL,105381.4
1997,AR,59925.0
1997,AZ,132694.8
1997,CA,1068048.6
1997,CO,136624.4
1997,CT,138467.0
1997,DC,52581.6
1997,DE,33302.2
1997,FL,401744.2
1997,GA,242371.9
1997,HI,37701.7
1997,IA,82808.8
1997,ID,29699.5
1997,IL,416015.1
1997,IN,170924.6
1997,KS,74643.2
1997,KY,104878.1
1997,LA,116423.1
1997,MA,236435.6
1997,MD,159167.8
1997,ME,30574.2
1997,MI,299832.7
1997,MN,157345.9
1997,MO,163101.1
1997,MS,58517.2
1997,MT,19301.7
1997,NC,234571.9
1997,ND,15796.6
1997,NE,49880.0
1997,NH,38122.5
1997,NJ,307140.9
1997,NM,52575.6
1997,NV,60255.0
1997,NY,716104.7
1997,OH,343513.7
1997,OK,79293.7
1997,OR,101418.2
1997,PA,357525.6
1997,PR,48187.039
1997,RI,28963.2
1997,SC,97453.8
1997,SD,19062.3
1997,TN,154861.9
1997,TX,610659.8
1997,UT,57812.0
1997,VA,215419.2
1997,VT,15443.4
1997,WA,193769.5
1997,WI,153536.2
1997,WV,38781.2
1997,WY,14673.0
1998,AK,24387.8
1998,AL,110838.8
1998,AR,62852.0
1998,AZ,144393.2
1998,CA,1143672.5
1998,CO,149653.7
1998,CT,145299.2
1998,DC,54877.4
1998,DE,37170.6
1998,FL,428595.6
1998,GA,265146.4
1998,HI,37503.0
1998,IA,84629.7
1998,ID,31352.7
1998,IL,436533.4
1998,IN,185336.3
1998,KS,78242.3
1998,KY,110020.1
1998,LA,120228.8
1998,MA,247686.8
1998,MD,169360.1
1998,ME,32412.8
1998,MI,311088.2
1998,MN,167867.4
1998,MO,170122.2
1998,MS,61332.3
1998,MT,20414.4
1998,NC,246721.8
1998,ND,16842.7
1998,NE,51849.9
1998,NH,40747.7
1998,NJ,318104.0
1998,NM,50573.1
1998,NV,65332.2
1998,NY,744958.9
1998,OH,361479.3
1998,OK,81778.6
1998,OR,105016.4
1998,PA,373515.0
1998,PR,54086.4
1998,RI,30835.3
1998,SC,103688.6
1998,SD,20257.8
1998,TN,167783.0
1998,TX,648243.1
1998,UT,62070.1
1998,VA,232569.9
1998,VT,16197.7
1998,WA,209222.5
1998,WI,163021.5
1998,WV,40258.9
1998,WY,14833.2
1999,AK,24920.4
1999,AL,116514.3
1999,AR,67279.0
1999,AZ,156442.1
1999,CA,1239773.5
1999,CO,162411.7
1999,CT,152093.7
1999,DC,58948.8
1999,DE,40446.5
1999,FL,457607.0
1999,GA,289048.9
1999,HI,38970.4
1999,IA,87774.3
1999,ID,34512.8
1999,IL,459971.6
1999,IN,193659.9
1999,KS,81609.7
1999,KY,115592.7
1999,LA,125667.3
1999,MA,262868.8
1999,MD,179779.6
1999,ME,34714.7
1999,MI,337150.2
1999,MN,176780.4
1999,MO,178215.9
1999,MS,64276.5
1999,MT,20815.1
1999,NC,264924.3
1999,ND,17083.7
1999,NE,53714.2
1999,NH,42292.4
1999,NJ,334966.4
1999,NM,52801.9
1999,NV,71825.3
1999,NY,794009.5
1999,OH,375797.2
1999,OK,84785.6
1999,OR,107513.2
1999,PA,391136.1
1999,PR,57841.0
1999,RI,32340.0
1999,SC,110312.9
1999,SD,21181.8
1999,TN,176467.2
1999,TX,683347.4
1999,UT,65773.4
1999,VA,250171.3
1999,VT,17314.8
1999,WA,229678.9
1999,WI,172928.5
1999,WV,41942.2
1999,WY,15685.7
2000,AK,26934.0
2000,AL,120522.6
2000,AR,69176.3
2000,AZ,165735.6
2000,CA,1354791.3
2000,CO,179303.3
2000,CT,165523.4
2000,DC,61267.7
2000,DE,43559.6
2000,FL,490094.4
2000,GA,305323.7
2000,HI,41089.4
2000,IA,93125.6
2000,ID,38344.1
2000,IL,486089.7
2000,IN,204147.3
2000,KS,85990.5
2000,KY,114549.6
2000,LA,132375.8
2000,MA,287091.4
2000,MD,191430.2
2000,ME,37222.0
2000,MI,351879.5
2000,MN,192389.5
2000,MO,187012.8
2000,MS,66051.5
2000,MT,21935.4
2000,NC,277556.1
2000,ND,18115.1
2000,NE,56582.7
2000,NH,45604.9
2000,NJ,360530.4
2000,NM,55002.2
2000,NV,77181.5
2000,NY,839853.0
2000,OH,391032.3
2000,OK,91645.7
2000,OR,117057.2
2000,PA,409330.2
2000,PR,61701.8
2000,RI,34608.5
2000,SC,115332.7
2000,SD,22866.7
2000,TN,182209.7
2000,TX,742161.5
2000,UT,70056.3
2000,VA,268608.7
2000,VT,18492.9
2000,WA,237594.0
2000,WI,180883.1
2000,WV,42620.7
2000,WY,17153.7
2001,AK,28660.9
2001,AL,123534.5
2001,AR,71099.6
2001,AZ,172899.6
2001,CA,1373270.8
2001,CO,185848.9
2001,CT,171124.4
2001,DC,65620.0
2001,DE,46373.8
2001,FL,519140.7
2001,GA,316872.7
2001,HI,42500.2
2001,IA,94922.6
2001,ID,37740.9
2001,IL,499618.4
2001,IN,205325.1
2001,KS,88869.7
2001,KY,117767.9
2001,LA,138204.3
2001,MA,294876.4
2001,MD,205276.0
2001,ME,38925.7
2001,MI,349127.5
2001,MN,196869.4
2001,MO,190388.7
2001,MS,67750.2
2001,MT,22798.0
2001,NC,287317.1
2001,ND,18976.9
2001,NE,59634.3
2001,NH,47037.3
2001,NJ,372819.2
2001,NM,55660.2
2001,NV,80968.6
2001,NY,876285.2
2001,OH,395864.2
2001,OK,97505.3
2001,OR,117002.4
2001,PA,428463.7
2001,PR,69208.4
2001,RI,35940.1
2001,SC,119355.2
2001,SD,23626.9
2001,TN,185917.2
2001,TX,780206.2
2001,UT,73042.5
2001,VA,285663.4
2001,VT,19467.1
2001,WA,237978.2
2001,WI,188662.8
2001,WV,44105.1
2001,WY,18741.7
2002,AK,29884.5
2002,AL,128380.9
2002,AR,74453.1
2002,AZ,180844.5
2002,CA,1419321.8
2002,CO,189604.6
2002,CT,172929.7
2002,DC,70078.0
2002,DE,45865.4
2002,FL,553359.9
2002,GA,326017.9
2002,HI,44949.5
2002,IA,98669.4
2002,ID,38990.7
2002,IL,511485.9
2002,IN,213419.6
2002,KS,91359.0
2002,KY,122731.2
2002,LA,140082.8
2002,MA,299915.8
2002,MD,217001.4
2002,ME,40664.1
2002,MI,363372.1
2002,MN,204061.1
2002,MO,197399.0
2002,MS,69704.9
2002,MT,23886.0
2002,NC,297653.0
2002,ND,20195.6
2002,NE,61569.5
2002,NH,49109.6
2002,NJ,385045.6
2002,NM,57718.3
2002,NV,85541.0
2002,NY,885386.2
2002,OH,411191.1
2002,OK,99916.9
2002,OR,120556.1
2002,PA,440887.5
2002,PR,71623.5
2002,RI,37891.2
2002,SC,124765.2
2002,SD,26343.5
2002,TN,195386.1
2002,TX,796357.3
2002,UT,76289.4
2002,VA,294929.1
2002,VT,20383.5
2002,WA,245629.8
2002,WI,195541.5
2002,WV,45627.4
2002,WY,19160.8
2003,AK,32115.8
2003,AL,135212.6
2003,AR,79009.7
2003,AZ,194318.0
2003,CA,1498578.0
2003,CO,195137.6
2003,CT,177814.8
2003,DC,74047.0
2003,DE,47839.6
2003,FL,590284.8
2003,GA,339540.5
2003,HI,48420.7
2003,IA,105329.7
2003,ID,40778.6
2003,IL,528577.0
2003,IN,225349.3
2003,KS,95236.3
2003,KY,128289.6
2003,LA,155198.7
2003,MA,309736.1
2003,MD,226803.4
2003,ME,42493.4
2003,MI,376123.8
2003,MN,215975.1
2003,MO,206005.2
2003,MS,74418.4
2003,MT,25781.1
2003,NC,310200.3
2003,ND,22129.9
2003,NE,66471.7
2003,NH,51609.7
2003,NJ,399996.5
2003,NM,62867.9
2003,NV,91365.0
2003,NY,908535.2
2003,OH,425530.7
2003,OK,106175.1
2003,OR,126822.1
2003,PA,460478.3
2003,PR,74827.4
2003,RI,39787.1
2003,SC,131509.1
2003,SD,27305.0
2003,TN,204665.9
2003,TX,840860.8
2003,UT,79504.7
2003,VA,311093.1
2003,VT,21398.5
2003,WA,254720.2
2003,WI,203814.0
2003,WV,47230.4
2003,WY,21199.0
2004,AK,35389.5
2004,AL,148379.1
2004,AR,85928.6
2004,AZ,207246.3
2004,CA,1585081.4
2004,CO,203743.3
2004,CT,194722.9
2004,DC,80600.7
2004,DE,51674.1
2004,FL,647041.8
2004,GA,364530.1
2004,HI,52625.7
2004,IA,117149.8
2004,ID,44732.9
2004,IL,560079.8
2004,IN,239278.5
2004,KS,98913.7
2004,KY,135694.5
2004,LA,170999.6
2004,MA,324919.0
2004,MD,243449.8
2004,ME,45233.1
2004,MI,388764.6
2004,MN,231949.4
2004,MO,216977.5
2004,MS,78680.1
2004,MT,28138.8
2004,NC,329017.7
2004,ND,23209.6
2004,NE,70445.4
2004,NH,54545.7
2004,NJ,415490.8
2004,NM,70593.4
2004,NV,104132.0
2004,NY,958565.3
2004,OH,447813.3
2004,OK,114237.5
2004,OR,136495.9
2004,PA,486384.5
2004,PR,80322.313
2004,RI,42578.2
2004,SC,136679.9
2004,SD,29380.9
2004,TN,219862.4
2004,TX,921230.7
2004,UT,86766.7
2004,VA,331815.8
2004,VT,22986.3
2004,WA,267423.9
2004,WI,216370.4
2004,WV,49865.9
2004,WY,23418.1
2005,AK,40459.9
2005,AL,158677.3
2005,AR,91133.4
2005,AZ,227997.8
2005,CA,1698858.4
2005,CO,220803.8
2005,CT,204504.6
2005,DC,85414.5
2005,DE,52048.6
2005,FL,704890.3
2005,GA,388707.2
2005,HI,57211.8
2005,IA,122866.1
2005,ID,48805.1
2005,IL,589153.7
2005,IN,247428.3
2005,KS,105343.9
2005,KY,144914.9
2005,LA,199314.2
2005,MA,340637.8
2005,MD,261795.3
2005,ME,47028.1
2005,MI,402828.8
2005,MN,244635.4
2005,MO,227594.6
2005,MS,82991.6
2005,MT,30823.7
2005,NC,354798.5
2005,ND,24572.0
2005,NE,74886.7
2005,NH,56914.6
2005,NJ,436064.4
2005,NM,74130.9
2005,NV,117165.1
2005,NY,1009851.0
2005,OH,470179.5
2005,OK,125961.4
2005,OR,143556.3
2005,PA,510763.9
2005,PR,83914.5213
2005,RI,44413.3
2005,SC,145195.8
2005,SD,31104.3
2005,TN,231339.0
2005,TX,1003745.9
2005,UT,95512.0
2005,VA,357427.0
2005,VT,23763.0
2005,WA,293402.0
2005,WI,226937.5
2005,WV,53814.3
2005,WY,27530.2
2006,AK,44951.7
2006,AL,166048.2
2006,AR,96073.7
2006,AZ,246061.1
2006,CA,1812161.6
2006,CO,232853.6
2006,CT,219812.2
2006,DC,88350.9
2006,DE,55567.7
2006,FL,749925.0
2006,GA,405664.2
2006,HI,60848.0
2006,IA,127670.8
2006,ID,51099.0
2006,IL,624068.1
2006,IN,259030.3
2006,KS,113831.8
2006,KY,153009.8
2006,LA,207249.8
2006,MA,358418.3
2006,MD,273791.0
2006,ME,48889.3
2006,MI,402537.3
2006,MN,252357.6
2006,MO,235816.9
2006,MS,87596.7
2006,MT,33088.0
2006,NC,388012.1
2006,ND,26406.5
2006,NE,79287.5
2006,NH,60152.7
2006,NJ,457681.5
2006,NM,78008.2
2006,NV,126613.4
2006,NY,1072271.8
2006,OH,482904.0
2006,OK,138352.3
2006,OR,153779.6
2006,PA,528771.2
2006,PR,87276.1644
2006,RI,47165.3
2006,SC,153453.4
2006,SD,32559.3
2006,TN,243104.4
2006,TX,1108236.5
2006,UT,106787.1
2006,VA,376429.4
2006,VT,24507.1
2006,WA,314190.8
2006,WI,237571.9
2006,WV,57204.1
2006,WY,32692.2
2007,AK,49456.4
2007,AL,172247.0
2007,AR,98325.0
2007,AZ,261152.8
2007,CA,1900220.4
2007,CO,248571.6
2007,CT,232626.8
2007,DC,94013.8
2007,DE,56705.6
2007,FL,781947.3
2007,GA,419384.8
2007,HI,64106.0
2007,IA,137590.2
2007,ID,53712.4
2007,IL,649307.4
2007,IN,273340.8
2007,KS,123608.9
2007,KY,156900.0
2007,LA,203771.3
2007,MA,377985.6
2007,MD,282618.2
2007,ME,50291.3
2007,MI,410613.0
2007,MN,261250.7
2007,MO,244085.3
2007,MS,91876.5
2007,MT,36116.1
2007,NC,402188.3
2007,ND,29044.6
2007,NE,84291.9
2007,NH,61984.8
2007,NJ,474539.6
2007,NM,81100.3
2007,NV,132045.4
2007,NY,1116265.3
2007,OH,497600.1
2007,OK,146582.4
2007,OR,159676.2
2007,PA,563238.6
2007,PR,89524.1316
2007,RI,47490.1
2007,SC,162476.3
2007,SD,35282.6
2007,TN,248261.6
2007,TX,1198565.0
2007,UT,115180.7
2007,VA,391595.5
2007,VT,25025.2
2007,WA,341712.3
2007,WI,245837.7
2007,WV,59480.4
2007,WY,36912.8
2008,AK,55246.7
2008,AL,174665.6
2008,AR,100206.7
2008,AZ,261005.8
2008,CA,1946241.5
2008,CO,257606.1
2008,CT,236110.7
2008,DC,99240.4
2008,DE,55250.8
2008,FL,767357.8
2008,GA,416303.5
2008,HI,65545.5
2008,IA,137749.2
2008,ID,56203.6
2008,IL,649677.3
2008,IN,277774.5
2008,KS,129223.2
2008,KY,160700.2
2008,LA,213803.5
2008,MA,387923.4
2008,MD,292908.3
2008,ME,51001.9
2008,MI,391633.6
2008,MN,268771.5
2008,MO,256431.1
2008,MS,95179.3
2008,MT,37028.0
2008,NC,420707.2
2008,ND,32027.7
2008,NE,86146.6
2008,NH,62095.3
2008,NJ,493289.4
2008,NM,84339.7
2008,NV,130570.9
2008,NY,1107860.2
2008,OH,500916.4
2008,OK,161609.0
2008,OR,164122.9
2008,PA,586886.6
2008,PR,93639.3
2008,RI,47138.9
2008,SC,164471.2
2008,SD,36939.3
2008,TN,255546.7
2008,TX,1253142.0
2008,UT,116949.2
2008,VA,402157.8
2008,VT,26140.4
2008,WA,352460.7
2008,WI,246493.0
2008,WV,62978.7
2008,WY,42694.6
2009,AK,50165.9
2009,AL,170876.5
2009,AR,97783.9
2009,AZ,244862.2
2009,CA,1879809.5
2009,CO,249817.1
2009,CT,231628.0
2009,DC,100430.1
2009,DE,57729.9
2009,FL,739322.4
2009,GA,409876.2
2009,HI,64464.3
2009,IA,137094.3
2009,ID,54507.9
2009,IL,645843.2
2009,IN,264925.0
2009,KS,126049.7
2009,KY,157440.1
2009,LA,206111.5
2009,MA,388963.9
2009,MD,298282.8
2009,ME,51451.2
2009,MI,371707.0
2009,MN,262628.8
2009,MO,254306.2
2009,MS,92378.0
2009,MT,35880.0
2009,NC,413096.8
2009,ND,32310.4
2009,NE,87325.5
2009,NH,63052.2
2009,NJ,481452.7
2009,NM,82641.3
2009,NV,122471.2
2009,NY,1155492.3
2009,OH,484407.1
2009,OK,147332.4
2009,OR,159330.4
2009,PA,581219.9
2009,PR,96385.6
2009,RI,47647.2
2009,SC,162380.4
2009,SD,36732.1
2009,TN,252940.7
2009,TX,1179168.1
2009,UT,113834.8
2009,VA,409935.3
2009,VT,26220.0
2009,WA,349945.4
2009,WI,246323.8
2009,WV,64040.1
2009,WY,36282.2
2010,AK,53654.0
2010,AL,177510.7
2010,AR,101699.3
2010,AZ,250527.0
2010,CA,1938603.3
2010,CO,256771.8
2010,CT,234022.2
2010,DC,106128.6
2010,DE,58132.2
2010,FL,752998.4
2010,GA,419013.1
2010,HI,66739.3
2010,IA,142497.7
2010,ID,56086.2
2010,IL,663929.0
2010,IN,284685.8
2010,KS,129235.7
2010,KY,166656.3
2010,LA,226555.6
2010,MA,409270.0
2010,MD,313930.5
2010,ME,52802.5
2010,MI,393179.6
2010,MN,274649.2
2010,MO,262013.4
2010,MS,94788.3
2010,MT,38080.3
2010,NC,422282.2
2010,ND,35651.8
2010,NE,91940.7
2010,NH,65310.8
2010,NJ,491229.0
2010,NM,84862.6
2010,NV,125149.0
2010,NY,1217748.0
2010,OH,500274.2
2010,OK,155267.5
2010,OR,163150.5
2010,PA,604629.6
2010,PR,98381.3
2010,RI,49409.1
2010,SC,166767.4
2010,SD,38208.2
2010,TN,258657.6
2010,TX,1255660.8
2010,UT,118296.3
2010,VA,425490.8
2010,VT,27478.3
2010,WA,363544.2
2010,WI,256159.5
2010,WV,66160.4
2010,WY,37567.5
2011,AK,56912.3
2011,AL,182896.7
2011,AR,105697.6
2011,AZ,261691.4
2011,CA,2014050.3
2011,CO,266114.1
2011,CT,233058.7
2011,DC,109953.9
2011,DE,61379.4
2011,FL,761043.1
2011,GA,433137.1
2011,HI,68801.1
2011,IA,149026.1
2011,ID,57418.2
2011,IL,691805.5
2011,IN,292373.8
2011,KS,136747.1
2011,KY,171238.1
2011,LA,230518.7
2011,MA,423684.9
2011,MD,324920.9
2011,ME,53104.5
2011,MI,408354.1
2011,MN,287070.8
2011,MO,263330.0
2011,MS,96799.1
2011,MT,40592.3
2011,NC,430040.1
2011,ND,41602.1
2011,NE,100526.5
2011,NH,66557.3
2011,NJ,494292.8
2011,NM,87056.0
2011,NV,128638.4
2011,NY,1245769.4
2011,OH,525456.4
2011,OK,167207.9
2011,OR,169693.8
2011,PA,623767.9
2011,PR,100351.7
2011,RI,50123.7
2011,SC,172844.7
2011,SD,42082.7
2011,TN,270055.0
2011,TX,1351776.9
2011,UT,125137.8
2011,VA,433683.7
2011,VT,28558.5
2011,WA,377518.8
2011,WI,265444.0
2011,WV,69367.6
2011,WY,39615.1
2012,AK,58320.7
2012,AL,188280.7
2012,AR,108836.0
2012,AZ,272703.3
2012,CA,2108873.1
2012,CO,274738.8
2012,CT,239907.5
2012,DC,112512.7
2012,DE,62342.1
2012,FL,784545.9
2012,GA,449375.6
2012,HI,71645.6
2012,IA,158553.1
2012,ID,57933.7
2012,IL,725478.0
2012,IN,301277.4
2012,KS,141812.1
2012,KY,178370.6
2012,LA,235960.9
2012,MA,441373.9
2012,MD,331869.0
2012,ME,54018.5
2012,MI,426141.1
2012,MN,298641.4
2012,MO,272482.4
2012,MS,100905.4
2012,MT,42150.2
2012,NC,444063.2
2012,ND,52079.1
2012,NE,102949.7
2012,NH,68412.0
2012,NJ,516098.2
2012,NM,87681.0
2012,NV,130238.2
2012,NY,1324471.3
2012,OH,543035.4
2012,OK,175361.2
2012,OR,173856.8
2012,PA,646434.3
2012,PR,101564.8
2012,RI,51527.5
2012,SC,178503.9
2012,SD,44127.3
2012,TN,285897.5
2012,TX,1429588.0
2012,UT,129431.4
2012,VA,445008.5
2012,VT,29325.6
2012,WA,398358.5
2012,WI,276253.4
2012,WV,70303.1
2012,WY,38679.3
2013,AK,57533.0
2013,AL,193981.5
2013,AR,114021.1
2013,AZ,278679.5
2013,CA,2223300.9
2013,CO,291265.3
2013,CT,240549.2
2013,DC,114832.7
2013,DE,62058.2
2013,FL,819679.8
2013,GA,467559.5
2013,HI,74598.5
2013,IA,162415.0
2013,ID,61712.6
2013,IL,742890.9
2013,IN,313466.9
2013,KS,144999.3
2013,KY,184920.6
2013,LA,231652.7
2013,MA,452580.4
2013,MD,339895.8
2013,ME,54924.8
2013,MI,441470.8
2013,MN,311752.1
2013,MO,282659.7
2013,MS,103042.6
2013,MT,43584.0
2013,NC,460946.4
2013,ND,54877.0
2013,NE,107247.0
2013,NH,70897.4
2013,NJ,534212.1
2013,NM,88773.3
2013,NV,133592.5
2013,NY,1364632.9
2013,OH,566419.9
2013,OK,184104.6
2013,OR,178975.4
2013,PA,670767.4
2013,PR,102450.0
2013,RI,52994.2
2013,SC,186268.3
2013,SD,45498.6
2013,TN,296756.3
2013,TX,1526781.9
2013,UT,135344.3
2013,VA,456911.6
2013,VT,29477.6
2013,WA,416924.1
2013,WI,283791.4
2013,WV,71758.6
2013,WY,39365.6
2014,AK,56587.4
2014,AL,197064.4
2014,AR,117388.7
2014,AZ,286676.0
2014,CA,2342218.8
2014,CO,309223.9
2014,CT,247114.7
2014,DC,119998.0
2014,DE,68606.0
2014,FL,860112.6
2014,GA,493370.3
2014,HI,77043.0
2014,IA,173734.2
2014,ID,64501.7
2014,IL,772291.7
2014,IN,329360.9
2014,KS,150276.1
2014,KY,188326.4
2014,LA,240965.0
2014,MA,469824.9
2014,MD,351743.1
2014,ME,56537.4
2014,MI,456123.5
2014,MN,324701.5
2014,MO,289340.7
2014,MS,105219.5
2014,MT,45203.8
2014,NC,482295.7
2014,ND,61108.3
2014,NE,112763.3
2014,NH,73455.1
2014,NJ,543824.1
2014,NM,92523.4
2014,NV,136918.4
2014,NY,1434606.3
2014,OH,597152.3
2014,OK,197074.1
2014,OR,187837.6
2014,PA,695546.6
2014,PR,102445.8
2014,RI,54612.5
2014,SC,195744.4
2014,SD,47159.9
2014,TN,307448.5
2014,TX,1592177.6
2014,UT,142627.7
2014,VA,465601.7
2014,VT,30359.4
2014,WA,439851.2
2014,WI,296169.9
2014,WV,73042.6
2014,WY,40573.9
2015,AK,51574.2
2015,AL,203113.3
2015,AR,118573.6
2015,AZ,298942.2
2015,CA,2487156.4
2015,CO,320895.9
2015,CT,260648.5
2015,DC,124753.6
2015,DE,72352.5
2015,FL,918464.3
2015,GA,525516.8
2015,HI,81410.2
2015,IA,181471.7
2015,ID,66064.9
2015,IL,802592.0
2015,IN,333163.8
2015,KS,155699.0
2015,KY,194621.2
2015,LA,234324.2
2015,MA,497767.0
2015,MD,367314.1
2015,ME,58755.8
2015,MI,479222.7
2015,MN,336762.0
2015,MO,299597.7
2015,MS,106623.9
2015,MT,46542.4
2015,NC,508672.4
2015,ND,56952.2
2015,NE,117402.3
2015,NH,77385.8
2015,NJ,565807.7
2015,NM,90779.4
2015,NV,145786.8
2015,NY,1498474.7
2015,OH,615275.5
2015,OK,187364.7
2015,OR,200592.6
2015,PA,716534.3
2015,PR,103375.5
2015,RI,56604.0
2015,SC,207510.0
2015,SD,48678.9
2015,TN,326382.5
2015,TX,1585985.9
2015,UT,149762.1
2015,VA,485540.9
2015,VT,31152.4
2015,WA,467590.6
2015,WI,308304.5
2015,WV,71713.4
2015,WY,38624.8
2016,AK,51121.8
2016,AL,208824.3
2016,AR,120987.4
2016,AZ,313787.1
2016,CA,2586485.2
2016,CO,330565.9
2016,CT,264760.4
2016,DC,129933.5
2016,DE,70021.5
2016,FL,964500.8
2016,GA,554903.2
2016,HI,84287.2
2016,IA,183834.8
2016,ID,69185.2
2016,IL,813561.6
2016,IN,342716.6
2016,KS,162144.5
2016,KY,197944.8
2016,LA,227440.3
2016,MA,514108.0
2016,MD,386496.4
2016,ME,61092.2
2016,MI,494752.5
2016,MN,345248.8
2016,MO,304143.3
2016,MS,107795.4
2016,MT,45859.4
2016,NC,528284.3
2016,ND,52666.3
2016,NE,119389.8
2016,NH,79759.7
2016,NJ,578651.4
2016,NM,90476.0
2016,NV,153318.0
2016,NY,1556830.0
2016,OH,627294.7
2016,OK,182238.8
2016,OR,211782.4
2016,PA,733165.9
2016,PR,104336.7
2016,RI,57714.6
2016,SC,217555.5
2016,SD,49842.6
2016,TN,339350.2
2016,TX,1582981.5
2016,UT,159330.6
2016,VA,499032.4
2016,VT,31840.2
2016,WA,489790.2
2016,WI,315420.0
2016,WV,71248.9
2016,WY,36105.9
2017,AK,53550.9
2017,AL,216615.5
2017,AR,123882.6
2017,AZ,333099.0
2017,CA,2740550.3
2017,CO,350209.1
2017,CT,273875.1
2017,DC,134298.8
2017,DE,69555.6
2017,FL,1014866.9
2017,GA,583543.3
2017,HI,87436.4
2017,IA,187125.0
2017,ID,72935.1
2017,IL,832826.8
2017,IN,357535.8
2017,KS,166273.6
2017,KY,203564.0
2017,LA,239830.7
2017,MA,530129.4
2017,MD,399714.5
2017,ME,63000.6
2017,MI,505101.5
2017,MN,354721.9
2017,MO,311273.8
2017,MS,110281.4
2017,MT,48470.5
2017,NC,546810.1
2017,ND,56530.2
2017,NE,123219.9
2017,NH,81179.6
2017,NJ,590086.7
2017,NM,93210.1
2017,NV,163199.1
2017,NY,1624800.7
2017,OH,652187.5
2017,OK,192538.6
2017,OR,225534.5
2017,PA,754318.0
2017,PR,103445.5
2017,RI,58771.6
2017,SC,224937.6
2017,SD,51615.1
2017,TN,355417.5
2017,TX,1667313.0
2017,UT,172075.0
2017,VA,515167.2
2017,VT,32589.2
2017,WA,527169.4
2017,WI,321886.8
2017,WV,75172.4
2017,WY,37620.3
2018,AK,54762.0
2018,AL,226263.8
2018,AR,129213.8
2018,AZ,353671.0
2018,CA,2899530.9
2018,CO,373923.1
2018,CT,280535.4
2018,DC,141240.2
2018,DE,73376.0
2018,FL,1072085.6
2018,GA,612803.4
2018,HI,90933.5
2018,IA,193155.1
2018,ID,79072.4
2018,IL,871024.2
2018,IN,377376.9
2018,KS,173373.0
2018,KY,210509.1
2018,LA,256444.4
2018,MA,559605.0
2018,MD,410771.8
2018,ME,66216.0
2018,MI,525240.8
2018,MN,372439.2
2018,MO,320451.6
2018,MS,113166.4
2018,MT,51152.1
2018,NC,568037.3
2018,ND,60377.1
2018,NE,127954.4
2018,NH,83859.4
2018,NJ,619340.2
2018,NM,98838.2
2018,NV,172547.9
2018,NY,1710665.6
2018,OH,672540.1
2018,OK,204193.9
2018,OR,238466.9
2018,PA,780620.7
2018,PR,100958.1
2018,RI,60064.9
2018,SC,236561.7
2018,SD,53349.5
2018,TN,369713.2
2018,TX,1808026.9
2018,UT,186805.7
2018,VA,537158.3
2018,VT,33482.6
2018,WA,570337.8
2018,WI,335144.3
2018,WV,79794.3
2018,WY,39614.5
2019,AK,54549.6
2019,AL,234798.2
2019,AR,132625.8
2019,AZ,375376.7
2019,CA,3068629.7
2019,CO,397843.6
2019,CT,286451.9
2019,DC,145071.4
2019,DE,78710.5
2019,FL,1133718.0
2019,GA,646695.8
2019,HI,93240.2
2019,IA,196262.5
2019,ID,84429.4
2019,IL,895601.8
2019,IN,384838.7
2019,KS,176068.8
2019,KY,220678.8
2019,LA,257499.0
2019,MA,588069.5
2019,MD,419391.6
2019,ME,69708.7
2019,MI,540237.3
2019,MN,384850.2
2019,MO,334750.2
2019,MS,116135.7
2019,MT,52715.6
2019,NC,592449.6
2019,ND,60892.5
2019,NE,132848.2
2019,NH,87868.2
2019,NJ,643317.7
2019,NM,103821.0
2019,NV,184611.1
2019,NY,1787470.9
2019,OH,702914.8
2019,OK,205992.7
2019,OR,248781.8
2019,PA,802233.1
2019,PR,105126.4
2019,RI,62814.7
2019,SC,249575.7
2019,SD,55175.8
2019,TN,385833.0
2019,TX,1864872.3
2019,UT,201312.2
2019,VA,561701.8
2019,VT,34760.3
2019,WA,608643.4
2019,WI,346906.6
2019,WV,80242.4
2019,WY,40029.5
2020,AK,51861.7
2020,AL,235859.0
2020,AR,136145.9
2020,AZ,390503.2
2020,CA,3072927.6
2020,CO,396981.1
2020,CT,278747.9
2020,DC,146854.6
2020,DE,77757.2
2020,FL,1144653.2
2020,GA,638488.3
2020,HI,84788.0
2020,IA,199449.6
2020,ID,88056.8
2020,IL,860807.8
2020,IN,378293.0
2020,KS,175385.6
2020,KY,218948.6
2020,LA,233652.0
2020,MA,592855.5
2020,MD,413804.5
2020,ME,72309.7
2020,MI,530161.3
2020,MN,378969.4
2020,MO,335970.8
2020,MS,117441.6
2020,MT,53057.3
2020,NC,600226.9
2020,ND,56321.4
2020,NE,135014.5
2020,NH,89041.6
2020,NJ,632562.3
2020,NM,101035.5
2020,NV,176178.7
2020,NY,1782502.4
2020,OH,692938.3
2020,OK,192222.0
2020,OR,250660.6
2020,PA,778297.2
2020,PR,103130.9
2020,RI,61980.9
2020,SC,248952.7
2020,SD,56847.3
2020,TN,391588.6
2020,TX,1810670.2
2020,UT,206240.5
2020,VA,566101.5
2020,VT,34572.3
2020,WA,617739.1
2020,WI,344691.0
2020,WV,77536.5
2020,WY,36982.7
2021,AK,59363.0
2021,AL,260325.0
2021,AR,154261.8
2021,AZ,438136.0
2021,CA,3418256.1
2021,CO,445781.3
2021,CT,297366.0
2021,DC,156581.3
2021,DE,83554.7
2021,FL,1300807.8
2021,GA,706004.6
2021,HI,93684.2
2021,IA,225055.3
2021,ID,99884.1
2021,IL,947223.9
2021,IN,425270.9
2021,KS,188993.3
2021,KY,238693.7
2021,LA,273063.3
2021,MA,650308.8
2021,MD,447714.3
2021,ME,79407.6
2021,MI,573329.4
2021,MN,416141.9
2021,MO,366193.1
2021,MS,130404.6
2021,MT,60314.8
2021,NC,660804.7
2021,ND,64830.0
2021,NE,150952.5
2021,NH,99433.3
2021,NJ,693733.8
2021,NM,113781.7
2021,NV,202091.8
2021,NY,1934524.0
2021,OH,764161.4
2021,OK,219132.4
2021,OR,276367.7
2021,PA,844875.5
2021,PR,106426.6
2021,RI,67060.0
2021,SC,272464.9
2021,SD,63337.7
2021,TN,443419.7
2021,TX,2117013.7
2021,UT,233320.9
2021,VA,616187.9
2021,VT,37290.8
2021,WA,683367.0
2021,WI,368997.3
2021,WV,87178.8
2021,WY,42410.6
2022,AK,65682.5
2022,AL,286873.3
2022,AR,167863.5
2022,AZ,488722.2
2022,CA,3618289.7
2022,CO,499197.4
2022,CT,321625.2
2022,DC,165106.2
2022,DE,97030.4
2022,FL,1473688.1
2022,GA,785922.7
2022,HI,103954.5
2022,IA,244156.8
2022,ID,112609.7
2022,IL,1037735.9
2022,IN,467679.6
2022,KS,213368.8
2022,KY,262586.6
2022,LA,304299.3
2022,MA,696323.1
2022,MD,481861.4
2022,ME,86310.6
2022,MI,624173.2
2022,MN,457393.8
2022,MO,397536.9
2022,MS,141724.2
2022,MT,69087.8
2022,NC,729761.9
2022,ND,75052.1
2022,NE,167840.2
2022,NH,106824.6
2022,NJ,756465.6
2022,NM,129469.1
2022,NV,232437.9
2022,NY,2071075.2
2022,OH,830498.8
2022,OK,247541.5
2022,OR,297084.3
2022,PA,916861.7
2022,PR,113567.2
2022,RI,71978.2
2022,SC,305070.0
2022,SD,69425.6
2022,TN,490587.0
2022,TX,2476903.2
2022,UT,261548.5
2022,VA,665624.7
2022,VT,41211.2
2022,WA,741002.8
2022,WI,403570.3
2022,WV,98824.1
2022,WY,49570.4
2023,AK,68232.7
2023,AL,309543.8
2023,AR,178114.8
2023,AZ,530105.0
2023,CA,3827007.3
2023,CO,533268.6
2023,CT,341851.8
2023,DC,174250.7
2023,DE,103332.5
2023,FL,1624642.3
2023,GA,835755.3
2023,HI,111740.2
2023,IA,253166.5
2023,ID,120588.1
2023,IL,1100794.1
2023,IN,496849.5
2023,KS,224851.3
2023,KY,283267.7
2023,LA,318044.3
2023,MA,737867.4
2023,MD,515035.9
2023,ME,93743.8
2023,MI,676030.8
2023,MN,483222.0
2023,MO,428887.3
2023,MS,151511.9
2023,MT,74690.3
2023,NC,794838.0
2023,ND,77898.1
2023,NE,183780.9
2023,NH,114427.8
2023,NJ,806894.0
2023,NM,138526.0
2023,NV,253443.3
2023,NY,2182549.0
2023,OH,883957.1
2023,OK,255933.2
2023,OR,314895.0
2023,PA,966444.0
2023,PR,117902.3
2023,RI,76313.5
2023,SC,332946.8
2023,SD,74458.8
2023,TN,531246.8
2023,TX,2637237.6
2023,UT,283230.8
2023,VA,722767.4
2023,VT,43931.6
2023,WA,801455.5
2023,WI,431913.9
2023,WV,101479.9
2023,WY,51350.1
2024,AK,71567.2
2024,AL,325345.1
2024,AR,188339.6
2024,AZ,570088.6
2024,CA,4048108.1
2024,CO,557633.0
2024,CT,356834.9
2024,DC,184297.7
2024,DE,110971.8
2024,FL,1726709.9
2024,GA,881508.2
2024,HI,117627.4
2024,IA,265794.5
2024,ID,129018.2
2024,IL,1148106.1
2024,IN,519516.5
2024,KS,230522.1
2024,KY,295375.3
2024,LA,329172.8
2024,MA,778523.4
2024,MD,546028.4
2024,ME,99174.1
2024,MI,702466.9
2024,MN,507687.8
2024,MO,448713.7
2024,MS,158192.4
2024,MT,78441.0
2024,NC,844209.0
2024,ND,80058.3
2024,NE,189242.7
2024,NH,119336.6
2024,NJ,846000.4
2024,NM,147084.9
2024,NV,269010.5
2024,NY,2322138.9
2024,OH,923140.6
2024,OK,263695.1
2024,OR,330250.1
2024,PA,1007873.9
2024,PR,125342.8
2024,RI,80381.1
2024,SC,357074.4
2024,SD,76795.8
2024,TN,561201.2
2024,TX,2769766.2
2024,UT,299471.3
2024,VA,761733.8
2024,VT,46276.1
2024,WA,856013.6
2024,WI,453298.6
2024,WV,106475.1
2024,WY,51498.1
