year,month,HPI
1991,1,100.0
1991,2,100.4
1991,3,100.46
1991,4,100.3
1991,5,100.35
1991,6,100.48
1991,7,100.5
1991,8,100.33
1991,9,100.59
1991,10,100.87
1991,11,101.35
1991,12,101.83
1992,1,102.2
1992,2,102.94
1992,3,102.78
1992,4,102.51
1992,5,102.54
1992,6,102.47
1992,7,102.83
1992,8,103.26
1992,9,103.66
1992,10,103.97
1992,11,104.24
1992,12,104.15
1993,1,104.22
1993,2,104.01
1993,3,104.32
1993,4,104.97
1993,5,105.2
1993,6,105.56
1993,7,105.62
1993,8,106.02
1993,9,106.4
1993,10,106.61
1993,11,106.95
1993,12,107.47
1994,1,107.74
1994,2,107.93
1994,3,108.31
1994,4,108.6
1994,5,108.99
1994,6,109.17
1994,7,109.3
1994,8,109.59
1994,9,109.64
1994,10,109.9
1994,11,110.11
1994,12,110.13
1995,1,110.44
1995,2,111.04
1995,3,110.87
1995,4,111.16
1995,5,111.3
1995,6,111.67
1995,7,112.18
1995,8,112.48
1995,9,112.7
1995,10,112.78
1995,11,113.0
1995,12,113.48
1996,1,113.89
1996,2,114.05
1996,3,114.47
1996,4,114.71
1996,5,114.96
1996,6,115.08
1996,7,115.47
1996,8,115.49
1996,9,115.77
1996,10,115.88
1996,11,116.19
1996,12,116.59
1997,1,116.72
1997,2,117.0
1997,3,117.44
1997,4,117.67
1997,5,118.13
1997,6,118.18
1997,7,118.48
1997,8,118.96
1997,9,119.11
1997,10,119.7
1997,11,120.06
1997,12,120.48
1998,1,120.93
1998,2,121.8
1998,3,122.18
1998,4,122.72
1998,5,123.23
1998,6,123.99
1998,7,124.35
1998,8,124.86
1998,9,125.66
1998,10,126.19
1998,11,127.02
1998,12,127.59
1999,1,128.29
1999,2,128.85
1999,3,129.4
1999,4,130.02
1999,5,130.79
1999,6,131.37
1999,7,132.12
1999,8,132.94
1999,9,133.33
1999,10,134.1
1999,11,134.65
1999,12,135.32
2000,1,136.9
2000,2,136.76
2000,3,137.78
2000,4,138.74
2000,5,139.29
2000,6,140.23
2000,7,140.98
2000,8,141.54
2000,9,142.38
2000,10,143.18
2000,11,144.06
2000,12,144.94
2001,1,145.86
2001,2,146.84
2001,3,147.62
2001,4,148.48
2001,5,149.11
2001,6,149.83
2001,7,150.67
2001,8,151.4
2001,9,152.22
2001,10,153.11
2001,11,153.63
2001,12,154.59
2002,1,155.44
2002,2,156.38
2002,3,157.34
2002,4,158.19
2002,5,159.26
2002,6,160.24
2002,7,161.28
2002,8,162.29
2002,9,163.28
2002,10,164.47
2002,11,165.39
2002,12,166.58
2003,1,167.57
2003,2,168.67
2003,3,169.21
2003,4,170.24
2003,5,171.17
2003,6,171.93
2003,7,173.25
2003,8,174.53
2003,9,175.9
2003,10,176.95
2003,11,178.37
2003,12,179.79
2004,1,180.94
2004,2,182.39
2004,3,183.65
2004,4,185.19
2004,5,186.94
2004,6,188.87
2004,7,190.42
2004,8,191.79
2004,9,193.26
2004,10,194.68
2004,11,196.5
2004,12,198.19
2005,1,199.57
2005,2,201.1
2005,3,203.11
2005,4,204.88
2005,5,206.57
2005,6,208.36
2005,7,210.45
2005,8,211.99
2005,9,213.9
2005,10,215.13
2005,11,216.58
2005,12,217.84
2006,1,219.14
2006,2,219.62
2006,3,220.47
2006,4,220.87
2006,5,221.44
2006,6,221.37
2006,7,221.26
2006,8,221.82
2006,9,221.79
2006,10,222.05
2006,11,222.72
2006,12,222.74
2007,1,223.56
2007,2,223.65
2007,3,224.47
2007,4,224.52
2007,5,223.39
2007,6,222.54
2007,7,221.42
2007,8,220.41
2007,9,219.49
2007,10,217.66
2007,11,216.2
2007,12,215.1
2008,1,213.37
2008,2,211.98
2008,3,210.1
2008,4,207.83
2008,5,205.44
2008,6,204.12
2008,7,202.26
2008,8,200.22
2008,9,198.38
2008,10,196.67
2008,11,193.12
2008,12,192.68
2009,1,194.28
2009,2,194.5
2009,3,192.11
2009,4,190.9
2009,5,190.87
2009,6,190.79
2009,7,190.2
2009,8,189.86
2009,9,189.65
2009,10,190.03
2009,11,190.59
2009,12,188.9
2010,1,189.01
2010,2,188.13
2010,3,187.85
2010,4,188.15
2010,5,188.11
2010,6,186.13
2010,7,184.97
2010,8,184.86
2010,9,183.07
2010,10,183.35
2010,11,182.67
2010,12,181.41
2011,1,180.31
2011,2,178.7
2011,3,176.78
2011,4,177.17
2011,5,176.73
2011,6,177.18
2011,7,177.51
2011,8,177.11
2011,9,178.08
2011,10,177.26
2011,11,177.83
2011,12,178.29
2012,1,177.69
2012,2,178.27
2012,3,179.7
2012,4,180.56
2012,5,181.66
2012,6,182.34
2012,7,182.68
2012,8,184.03
2012,9,184.64
2012,10,185.54
2012,11,186.46
2012,12,187.37
2013,1,188.85
2013,2,189.95
2013,3,191.9
2013,4,192.76
2013,5,194.3
2013,6,195.53
2013,7,196.55
2013,8,197.15
2013,9,198.13
2013,10,198.7
2013,11,198.74
2013,12,199.95
2014,1,200.89
2014,2,201.6
2014,3,202.13
2014,4,202.8
2014,5,203.17
2014,6,204.23
2014,7,205.01
2014,8,205.83
2014,9,206.05
2014,10,207.14
2014,11,208.2
2014,12,209.42
2015,1,209.83
2015,2,211.3
2015,3,211.95
2015,4,212.81
2015,5,213.96
2015,6,214.85
2015,7,215.78
2015,8,216.31
2015,9,217.34
2015,10,218.55
2015,11,219.56
2015,12,220.57
2016,1,221.67
2016,2,221.74
2016,3,223.34
2016,4,224.48
2016,5,225.49
2016,6,226.72
2016,7,227.86
2016,8,228.95
2016,9,230.28
2016,10,231.46
2016,11,232.39
2016,12,233.82
2017,1,234.1
2017,2,235.31
2017,3,236.74
2017,4,238.53
2017,5,239.66
2017,6,240.59
2017,7,241.81
2017,8,243.39
2017,9,244.51
2017,10,245.49
2017,11,247.11
2017,12,248.26
2018,1,250.13
2018,2,251.77
2018,3,252.65
2018,4,253.34
2018,5,254.51
2018,6,255.6
2018,7,256.62
2018,8,257.89
2018,9,258.34
2018,10,259.22
2018,11,260.77
2018,12,261.55
2019,1,263.03
2019,2,263.69
2019,3,264.59
2019,4,265.85
2019,5,267.01
2019,6,267.98
2019,7,269.05
2019,8,270.13
2019,9,271.67
2019,10,273.12
2019,11,274.75
2019,12,277.05
2020,1,278.76
2020,2,280.64
2020,3,281.17
2020,4,281.51
2020,5,280.47
2020,6,283.54
2020,7,287.58
2020,8,292.62
2020,9,297.31
2020,10,301.91
2020,11,305.53
2020,12,309.58
2021,1,313.28
2021,2,315.99
2021,3,320.6
2021,4,325.37
2021,5,330.77
2021,6,336.76
2021,7,341.85
2021,8,345.94
2021,9,349.48
2021,10,353.92
2021,11,358.85
2021,12,363.89
2022,1,369.29
2022,2,374.48
2022,3,379.09
2022,4,383.76
2022,5,387.29
2022,6,388.18
2022,7,386.36
2022,8,384.78
2022,9,385.63
2022,10,386.28
2022,11,386.26
2022,12,386.47
2023,1,387.76
2023,2,390.24
2023,3,392.19
2023,4,394.42
2023,5,397.48
2023,6,399.91
2023,7,403.34
2023,8,406.08
2023,9,408.16
2023,10,409.84
2023,11,411.1
2023,12,412.49
2024,1,412.84
2024,2,417.32
2024,3,418.1
2024,4,419.94
2024,5,420.58
2024,6,421.41
2024,7,422.66
2024,8,424.25
2024,9,426.98
2024,10,429.08
2024,11,430.66
2024,12,432.72
2025,1,434.45
2025,2,434.59
2025,3,434.92
2025,4,433.81
2025,5,433.89
2025,6,433.56
2025,7,433.45
2025,8,435.3
2025,9,435.04
2025,10,436.78
2025,11,439.72
2025,12,440.36
