year,month,PPI
1913,1,12.1
1913,2,12.0
1913,3,12.0
1913,4,12.0
1913,5,11.9
1913,6,11.9
1913,7,12.0
1913,8,12.0
1913,9,12.2
1913,10,12.2
1913,11,12.1
1913,12,11.9
1913,13,12.0
1914,1,11.8
1914,2,11.8
1914,3,11.7
1914,4,11.7
1914,5,11.6
1914,6,11.6
1914,7,11.6
1914,8,12.0
1914,9,12.1
1914,10,11.7
1914,11,11.7
1914,12,11.6
1914,13,11.8
1915,1,11.8
1915,2,11.8
1915,3,11.8
1915,4,11.8
1915,5,11.9
1915,6,11.8
1915,7,11.9
1915,8,11.8
1915,9,11.8
1915,10,12.1
1915,11,12.3
1915,12,12.8
1915,13,12.0
1916,1,13.3
1916,2,13.5
1916,3,13.9
1916,4,14.1
1916,5,14.2
1916,6,14.3
1916,7,14.4
1916,8,14.7
1916,9,15.0
1916,10,15.7
1916,11,16.8
1916,12,17.1
1916,13,14.7
1917,1,17.6
1917,2,18.0
1917,3,18.5
1917,4,19.7
1917,5,20.8
1917,6,21.0
1917,7,21.2
1917,8,21.5
1917,9,21.3
1917,10,21.1
1917,11,21.2
1917,12,21.2
1917,13,20.2
1918,1,21.6
1918,2,21.1
1918,3,21.8
1918,4,22.1
1918,5,22.1
1918,6,22.2
1918,7,22.7
1918,8,23.2
1918,9,23.7
1918,10,23.5
1918,11,23.5
1918,12,23.5
1918,13,22.6
1919,1,23.2
1919,2,22.4
1919,3,22.6
1919,4,22.9
1919,5,23.3
1919,6,23.4
1919,7,24.3
1919,8,24.9
1919,9,24.3
1919,10,24.4
1919,11,24.9
1919,12,26.0
1919,13,23.9
1920,1,27.2
1920,2,27.1
1920,3,27.3
1920,4,28.5
1920,5,28.8
1920,6,28.7
1920,7,28.6
1920,8,27.8
1920,9,26.8
1920,10,24.9
1920,11,23.0
1920,12,20.8
1920,13,26.6
1921,1,19.6
1921,2,18.1
1921,3,17.7
1921,4,17.0
1921,5,16.6
1921,6,16.1
1921,7,16.1
1921,8,16.1
1921,9,16.1
1921,10,16.2
1921,11,16.2
1921,12,16.0
1921,13,16.8
1922,1,15.7
1922,2,16.0
1922,3,16.0
1922,4,16.1
1922,5,16.6
1922,6,16.6
1922,7,17.1
1922,8,17.0
1922,9,17.1
1922,10,17.2
1922,11,17.3
1922,12,17.3
1922,13,16.7
1923,1,17.6
1923,2,17.8
1923,3,18.0
1923,4,17.9
1923,5,17.5
1923,6,17.3
1923,7,17.0
1923,8,16.9
1923,9,17.2
1923,10,17.1
1923,11,17.0
1923,12,16.9
1923,13,17.3
1924,1,17.2
1924,2,17.2
1924,3,17.0
1924,4,16.7
1924,5,16.5
1924,6,16.4
1924,7,16.5
1924,8,16.7
1924,9,16.7
1924,10,16.9
1924,11,17.1
1924,12,17.5
1924,13,16.9
1925,1,17.7
1925,2,17.9
1925,3,17.9
1925,4,17.5
1925,5,17.5
1925,6,17.7
1925,7,18.0
1925,8,17.9
1925,9,17.8
1925,10,17.8
1925,11,18.0
1925,12,17.8
1925,13,17.8
1926,1,17.8
1926,2,17.6
1926,3,17.3
1926,4,17.3
1926,5,17.3
1926,6,17.3
1926,7,17.1
1926,8,17.1
1926,9,17.2
1926,10,17.1
1926,11,17.0
1926,12,16.9
1926,13,17.2
1927,1,16.4
1927,2,16.6
1927,3,16.5
1927,4,16.3
1927,5,16.2
1927,6,16.2
1927,7,16.2
1927,8,16.4
1927,9,16.6
1927,10,16.7
1927,11,16.6
1927,12,16.6
1927,13,16.5
1928,1,16.6
1928,2,16.5
1928,3,16.5
1928,4,16.7
1928,5,16.8
1928,6,16.7
1928,7,16.8
1928,8,16.8
1928,9,17.0
1928,10,16.7
1928,11,16.5
1928,12,16.5
1928,13,16.7
1929,1,16.5
1929,2,16.4
1929,3,16.6
1929,4,16.5
1929,5,16.3
1929,6,16.4
1929,7,16.6
1929,8,16.6
1929,9,16.6
1929,10,16.4
1929,11,16.1
1929,12,16.1
1929,13,16.4
1930,1,15.9
1930,2,15.7
1930,3,15.5
1930,4,15.5
1930,5,15.3
1930,6,15.0
1930,7,14.5
1930,8,14.5
1930,9,14.5
1930,10,14.3
1930,11,14.0
1930,12,13.7
1930,13,14.9
1931,1,13.5
1931,2,13.2
1931,3,13.1
1931,4,12.9
1931,5,12.6
1931,6,12.4
1931,7,12.4
1931,8,12.4
1931,9,12.3
1931,10,12.1
1931,11,12.1
1931,12,11.8
1931,13,12.6
1932,1,11.6
1932,2,11.4
1932,3,11.4
1932,4,11.3
1932,5,11.1
1932,6,11.0
1932,7,11.1
1932,8,11.2
1932,9,11.3
1932,10,11.1
1932,11,11.0
1932,12,10.8
1932,13,11.2
1933,1,10.5
1933,2,10.3
1933,3,10.4
1933,4,10.4
1933,5,10.8
1933,6,11.2
1933,7,11.9
1933,8,12.0
1933,9,12.2
1933,10,12.3
1933,11,12.3
1933,12,12.2
1933,13,11.4
1934,1,12.4
1934,2,12.7
1934,3,12.7
1934,4,12.7
1934,5,12.7
1934,6,12.9
1934,7,12.9
1934,8,13.2
1934,9,13.4
1934,10,13.2
1934,11,13.2
1934,12,13.3
1934,13,12.9
1935,1,13.6
1935,2,13.7
1935,3,13.7
1935,4,13.8
1935,5,13.8
1935,6,13.8
1935,7,13.7
1935,8,13.9
1935,9,13.9
1935,10,13.9
1935,11,13.9
1935,12,14.0
1935,13,13.8
1936,1,13.9
1936,2,13.9
1936,3,13.7
1936,4,13.7
1936,5,13.5
1936,6,13.7
1936,7,13.9
1936,8,14.0
1936,9,14.0
1936,10,14.0
1936,11,14.2
1936,12,14.5
1936,13,13.9
1937,1,14.8
1937,2,14.9
1937,3,15.1
1937,4,15.2
1937,5,15.1
1937,6,15.0
1937,7,15.2
1937,8,15.1
1937,9,15.1
1937,10,14.7
1937,11,14.4
1937,12,14.1
1937,13,14.9
1938,1,14.0
1938,2,13.8
1938,3,13.7
1938,4,13.5
1938,5,13.5
1938,6,13.5
1938,7,13.6
1938,8,13.4
1938,9,13.5
1938,10,13.4
1938,11,13.4
1938,12,13.3
1938,13,13.5
1939,1,13.3
1939,2,13.3
1939,3,13.2
1939,4,13.1
1939,5,13.1
1939,6,13.0
1939,7,13.0
1939,8,12.9
1939,9,13.6
1939,10,13.7
1939,11,13.6
1939,12,13.7
1939,13,13.3
1940,1,13.7
1940,2,13.6
1940,3,13.5
1940,4,13.5
1940,5,13.5
1940,6,13.4
1940,7,13.4
1940,8,13.4
1940,9,13.4
1940,10,13.6
1940,11,13.7
1940,12,13.8
1940,13,13.5
1941,1,13.9
1941,2,13.9
1941,3,14.0
1941,4,14.4
1941,5,14.6
1941,6,15.0
1941,7,15.3
1941,8,15.6
1941,9,15.8
1941,10,15.9
1941,11,15.9
1941,12,16.2
1941,13,15.1
1942,1,16.5
1942,2,16.7
1942,3,16.8
1942,4,17.0
1942,5,17.0
1942,6,17.0
1942,7,17.0
1942,8,17.1
1942,9,17.2
1942,10,17.2
1942,11,17.3
1942,12,17.4
1942,13,17.0
1943,1,17.5
1943,2,17.7
1943,3,17.8
1943,4,17.9
1943,5,17.9
1943,6,17.9
1943,7,17.8
1943,8,17.8
1943,9,17.8
1943,10,17.8
1943,11,17.7
1943,12,17.8
1943,13,17.8
1944,1,17.8
1944,2,17.8
1944,3,17.9
1944,4,17.9
1944,5,17.9
1944,6,18.0
1944,7,17.9
1944,8,17.9
1944,9,17.9
1944,10,17.9
1944,11,18.0
1944,12,18.0
1944,13,17.9
1945,1,18.1
1945,2,18.1
1945,3,18.1
1945,4,18.2
1945,5,18.3
1945,6,18.3
1945,7,18.3
1945,8,18.2
1945,9,18.1
1945,10,18.2
1945,11,18.4
1945,12,18.4
1945,13,18.2
1946,1,18.4
1946,2,18.5
1946,3,18.8
1946,4,19.0
1946,5,19.1
1946,6,19.4
1946,7,21.5
1946,8,22.2
1946,9,21.4
1946,10,23.1
1946,11,24.1
1946,12,24.3
1946,13,20.8
1947,1,24.5
1947,2,24.7
1947,3,25.3
1947,4,25.1
1947,5,25.0
1947,6,25.0
1947,7,25.3
1947,8,25.6
1947,9,26.1
1947,10,26.4
1947,11,26.7
1947,12,27.2
1947,13,25.6
1948,1,27.7
1948,2,27.2
1948,3,27.2
1948,4,27.4
1948,5,27.5
1948,6,27.7
1948,7,28.0
1948,8,28.2
1948,9,28.1
1948,10,27.8
1948,11,27.8
1948,12,27.6
1948,13,27.7
1949,1,27.3
1949,2,26.8
1949,3,26.8
1949,4,26.5
1949,5,26.3
1949,6,26.0
1949,7,26.0
1949,8,26.0
1949,9,26.1
1949,10,26.0
1949,11,26.0
1949,12,25.9
1949,13,26.3
1950,1,25.9
1950,2,26.1
1950,3,26.1
1950,4,26.1
1950,5,26.4
1950,6,26.6
1950,7,27.3
1950,8,27.9
1950,9,28.4
1950,10,28.6
1950,11,29.0
1950,12,29.7
1950,13,27.3
1951,1,30.5
1951,2,30.9
1951,3,30.9
1951,4,30.8
1951,5,30.7
1951,6,30.5
1951,7,30.3
1951,8,30.1
1951,9,30.1
1951,10,30.1
1951,11,30.1
1951,12,30.1
1951,13,30.4
1952,1,30.0
1952,2,29.8
1952,3,29.8
1952,4,29.6
1952,5,29.6
1952,6,29.5
1952,7,29.6
1952,8,29.8
1952,9,29.6
1952,10,29.5
1952,11,29.3
1952,12,29.1
1952,13,29.6
1953,1,29.1
1953,2,29.1
1953,3,29.2
1953,4,29.0
1953,5,29.1
1953,6,29.0
1953,7,29.4
1953,8,29.3
1953,9,29.4
1953,10,29.2
1953,11,29.1
1953,12,29.2
1953,13,29.2
1954,1,29.4
1954,2,29.3
1954,3,29.3
1954,4,29.4
1954,5,29.4
1954,6,29.2
1954,7,29.3
1954,8,29.3
1954,9,29.2
1954,10,29.1
1954,11,29.2
1954,12,29.0
1954,13,29.3
1955,1,29.2
1955,2,29.3
1955,3,29.2
1955,4,29.3
1955,5,29.1
1955,6,29.3
1955,7,29.3
1955,8,29.4
1955,9,29.6
1955,10,29.6
1955,11,29.5
1955,12,29.5
1955,13,29.3
1956,1,29.7
1956,2,29.8
1956,3,29.9
1956,4,30.1
1956,5,30.3
1956,6,30.3
1956,7,30.2
1956,8,30.4
1956,9,30.6
1956,10,30.6
1956,11,30.7
1956,12,30.8
1956,13,30.3
1957,1,31.0
1957,2,31.0
1957,3,31.0
1957,4,31.1
1957,5,31.0
1957,6,31.1
1957,7,31.3
1957,8,31.4
1957,9,31.3
1957,10,31.2
1957,11,31.3
1957,12,31.4
1957,13,31.2
1958,1,31.5
1958,2,31.5
1958,3,31.7
1958,4,31.6
1958,5,31.7
1958,6,31.6
1958,7,31.6
1958,8,31.6
1958,9,31.6
1958,10,31.5
1958,11,31.6
1958,12,31.6
1958,13,31.6
1959,1,31.7
1959,2,31.7
1959,3,31.7
1959,4,31.8
1959,5,31.8
1959,6,31.7
1959,7,31.7
1959,8,31.6
1959,9,31.7
1959,10,31.6
1959,11,31.5
1959,12,31.5
1959,13,31.7
1960,1,31.6
1960,2,31.6
1960,3,31.8
1960,4,31.8
1960,5,31.7
1960,6,31.7
1960,7,31.7
1960,8,31.6
1960,9,31.6
1960,10,31.7
1960,11,31.7
1960,12,31.7
1960,13,31.7
1961,1,31.8
1961,2,31.8
1961,3,31.8
1961,4,31.6
1961,5,31.5
1961,6,31.3
1961,7,31.5
1961,8,31.5
1961,9,31.5
1961,10,31.5
1961,11,31.5
1961,12,31.6
1961,13,31.6
1962,1,31.7
1962,2,31.7
1962,3,31.7
1962,4,31.6
1962,5,31.5
1962,6,31.5
1962,7,31.6
1962,8,31.6
1962,9,31.9
1962,10,31.7
1962,11,31.7
1962,12,31.6
1962,13,31.7
1963,1,31.6
1963,2,31.5
1963,3,31.5
1963,4,31.4
1963,5,31.5
1963,6,31.6
1963,7,31.7
1963,8,31.6
1963,9,31.6
1963,10,31.6
1963,11,31.7
1963,12,31.6
1963,13,31.6
1964,1,31.8
1964,2,31.6
1964,3,31.6
1964,4,31.6
1964,5,31.5
1964,6,31.5
1964,7,31.6
1964,8,31.6
1964,9,31.7
1964,10,31.7
1964,11,31.7
1964,12,31.7
1964,13,31.6
1965,1,31.8
1965,2,31.9
1965,3,31.9
1965,4,32.0
1965,5,32.1
1965,6,32.4
1965,7,32.4
1965,8,32.4
1965,9,32.4
1965,10,32.5
1965,11,32.6
1965,12,32.8
1965,13,32.3
1966,1,32.9
1966,2,33.2
1966,3,33.2
1966,4,33.2
1966,5,33.2
1966,6,33.3
1966,7,33.5
1966,8,33.6
1966,9,33.6
1966,10,33.4
1966,11,33.3
1966,12,33.3
1966,13,33.3
1967,1,33.4
1967,2,33.4
1967,3,33.3
1967,4,33.1
1967,5,33.3
1967,6,33.5
1967,7,33.5
1967,8,33.4
1967,9,33.4
1967,10,33.4
1967,11,33.4
1967,12,33.7
1967,13,33.4
1968,1,33.8
1968,2,34.0
1968,3,34.1
1968,4,34.1
1968,5,34.2
1968,6,34.2
1968,7,34.3
1968,8,34.2
1968,9,34.4
1968,10,34.4
1968,11,34.5
1968,12,34.6
1968,13,34.2
1969,1,34.8
1969,2,35.0
1969,3,35.2
1969,4,35.3
1969,5,35.5
1969,6,35.7
1969,7,35.8
1969,8,35.7
1969,9,35.8
1969,10,35.9
1969,11,36.1
1969,12,36.3
1969,13,35.6
1970,1,36.5
1970,2,36.7
1970,3,36.7
1970,4,36.8
1970,5,36.8
1970,6,36.9
1970,7,37.1
1970,8,36.9
1970,9,37.1
1970,10,37.1
1970,11,37.1
1970,12,37.1
1970,13,36.9
1971,1,37.3
1971,2,37.7
1971,3,37.8
1971,4,37.9
1971,5,38.1
1971,6,38.2
1971,7,38.3
1971,8,38.5
1971,9,38.3
1971,10,38.3
1971,11,38.3
1971,12,38.6
1971,13,38.1
1972,1,38.8
1972,2,39.2
1972,3,39.2
1972,4,39.3
1972,5,39.5
1972,6,39.7
1972,7,40.0
1972,8,40.1
1972,9,40.2
1972,10,40.1
1972,11,40.3
1972,12,41.1
1972,13,39.8
1973,1,41.6
1973,2,42.4
1973,3,43.4
1973,4,43.6
1973,5,44.5
1973,6,45.5
1973,7,44.9
1973,8,47.5
1973,9,46.7
1973,10,46.3
1973,11,46.5
1973,12,47.4
1973,13,45.0
1974,1,49.0
1974,2,50.0
1974,3,50.6
1974,4,51.0
1974,5,51.8
1974,6,52.0
1974,7,54.0
1974,8,55.9
1974,9,55.9
1974,10,56.9
1974,11,57.4
1974,12,57.3
1974,13,53.5
1975,1,57.4
1975,2,57.2
1975,3,56.9
1975,4,57.5
1975,5,57.9
1975,6,58.0
1975,7,58.7
1975,8,59.0
1975,9,59.4
1975,10,59.8
1975,11,59.5
1975,12,59.7
1975,13,58.4
1976,1,59.9
1976,2,59.9
1976,3,60.0
1976,4,60.6
1976,5,60.8
1976,6,61.2
1976,7,61.6
1976,8,61.4
1976,9,61.8
1976,10,61.9
1976,11,62.0
1976,12,62.5
1976,13,61.1
1977,1,62.8
1977,2,63.5
1977,3,64.1
1977,4,64.9
1977,5,65.2
1977,6,65.0
1977,7,65.1
1977,8,65.0
1977,9,65.3
1977,10,65.6
1977,11,65.8
1977,12,66.2
1977,13,64.9
1978,1,66.8
1978,2,67.5
1978,3,68.1
1978,4,69.0
1978,5,69.5
1978,6,70.0
1978,7,70.4
1978,8,70.4
1978,9,71.0
1978,10,71.8
1978,11,72.1
1978,12,72.7
1978,13,69.9
1979,1,73.8
1979,2,74.9
1979,3,75.8
1979,4,76.9
1979,5,77.5
1979,6,78.0
1979,7,79.2
1979,8,79.6
1979,9,80.9
1979,10,82.1
1979,11,82.6
1979,12,83.4
1979,13,78.7
1980,1,85.2
1980,2,86.9
1980,3,87.5
1980,4,87.8
1980,5,88.3
1980,6,88.7
1980,7,90.3
1980,8,91.5
1980,9,91.7
1980,10,92.8
1980,11,93.2
1980,12,93.8
1980,13,89.8
1981,1,95.2
1981,2,96.1
1981,3,97.0
1981,4,98.0
1981,5,98.3
1981,6,98.5
1981,7,99.0
1981,8,99.0
1981,9,98.8
1981,10,98.9
1981,11,98.8
1981,12,98.8
1981,13,98.0
1982,1,99.7
1982,2,99.8
1982,3,99.6
1982,4,99.6
1982,5,99.8
1982,6,100.0
1982,7,100.4
1982,8,100.3
1982,9,100.0
1982,10,100.2
1982,11,100.3
1982,12,100.5
1982,13,100.0
1983,1,100.2
1983,2,100.5
1983,3,100.4
1983,4,100.4
1983,5,100.8
1983,6,101.0
1983,7,101.3
1983,8,101.8
1983,9,102.0
1983,10,102.2
1983,11,102.1
1983,12,102.3
1983,13,101.3
1984,1,102.9
1984,2,103.2
1984,3,103.9
1984,4,104.0
1984,5,104.1
1984,6,104.0
1984,7,104.2
1984,8,103.8
1984,9,103.4
1984,10,103.4
1984,11,103.7
1984,12,103.5
1984,13,103.7
1985,1,103.4
1985,2,103.3
1985,3,103.1
1985,4,103.3
1985,5,103.5
1985,6,103.3
1985,7,103.2
1985,8,102.7
1985,9,102.1
1985,10,102.9
1985,11,103.4
1985,12,103.6
1985,13,103.2
1986,1,103.2
1986,2,101.7
1986,3,100.3
1986,4,99.6
1986,5,100.0
1986,6,99.9
1986,7,99.4
1986,8,99.3
1986,9,99.4
1986,10,99.7
1986,11,99.8
1986,12,99.7
1986,13,100.2
1987,1,100.5
1987,2,101.0
1987,3,101.2
1987,4,101.9
1987,5,102.6
1987,6,103.0
1987,7,103.5
1987,8,103.8
1987,9,103.7
1987,10,104.1
1987,11,104.2
1987,12,104.2
1987,13,102.8
1988,1,104.6
1988,2,104.8
1988,3,104.9
1988,4,105.8
1988,5,106.5
1988,6,107.2
1988,7,107.9
1988,8,108.0
1988,9,108.1
1988,10,108.2
1988,11,108.3
1988,12,109.0
1988,13,106.9
1989,1,110.5
1989,2,110.8
1989,3,111.5
1989,4,112.3
1989,5,113.2
1989,6,112.9
1989,7,112.8
1989,8,112.0
1989,9,112.4
1989,10,112.8
1989,11,112.7
1989,12,113.0
1989,13,112.2
1990,1,114.9
1990,2,114.4
1990,3,114.2
1990,4,114.1
1990,5,114.6
1990,6,114.3
1990,7,114.5
1990,8,116.5
1990,9,118.4
1990,10,120.8
1990,11,120.1
1990,12,118.7
1990,13,116.3
1991,1,119.0
1991,2,117.2
1991,3,116.2
1991,4,116.0
1991,5,116.5
1991,6,116.4
1991,7,116.1
1991,8,116.2
1991,9,116.1
1991,10,116.4
1991,11,116.4
1991,12,115.9
1991,13,116.5
1992,1,115.6
1992,2,116.0
1992,3,116.1
1992,4,116.3
1992,5,117.2
1992,6,118.0
1992,7,117.9
1992,8,117.7
1992,9,118.0
1992,10,118.1
1992,11,117.8
1992,12,117.6
1992,13,117.2
1993,1,118.0
1993,2,118.4
1993,3,118.7
1993,4,119.3
1993,5,119.7
1993,6,119.5
1993,7,119.2
1993,8,118.7
1993,9,118.7
1993,10,119.1
1993,11,119.0
1993,12,118.6
1993,13,118.9
1994,1,119.1
1994,2,119.3
1994,3,119.7
1994,4,119.7
1994,5,119.9
1994,6,120.5
1994,7,120.7
1994,8,121.2
1994,9,121.0
1994,10,120.9
1994,11,121.5
1994,12,121.9
1994,13,120.4
1995,1,122.9
1995,2,123.5
1995,3,123.9
1995,4,124.6
1995,5,124.9
1995,6,125.3
1995,7,125.3
1995,8,125.1
1995,9,125.2
1995,10,125.3
1995,11,125.4
1995,12,125.7
1995,13,124.7
1996,1,126.3
1996,2,126.2
1996,3,126.4
1996,4,127.4
1996,5,128.1
1996,6,128.0
1996,7,128.0
1996,8,128.3
1996,9,128.2
1996,10,128.0
1996,11,128.2
1996,12,129.1
1996,13,127.7
1997,1,129.7
1997,2,128.5
1997,3,127.3
1997,4,127.0
1997,5,127.4
1997,6,127.2
1997,7,126.9
1997,8,127.2
1997,9,127.5
1997,10,127.8
1997,11,127.9
1997,12,126.8
1997,13,127.6
1998,1,125.4
1998,2,125.0
1998,3,124.7
1998,4,124.9
1998,5,125.1
1998,6,124.8
1998,7,124.9
1998,8,124.2
1998,9,123.8
1998,10,124.0
1998,11,123.6
1998,12,122.8
1998,13,124.4
1999,1,122.9
1999,2,122.3
1999,3,122.6
1999,4,123.6
1999,5,124.7
1999,6,125.2
1999,7,125.7
1999,8,126.9
1999,9,128.0
1999,10,127.7
1999,11,128.3
1999,12,127.8
1999,13,125.5
2000,1,128.3
2000,2,129.8
2000,3,130.8
2000,4,130.7
2000,5,131.6
2000,6,133.8
2000,7,133.7
2000,8,132.9
2000,9,134.7
2000,10,135.4
2000,11,135.0
2000,12,136.2
2000,13,132.7
2001,1,140.0
2001,2,137.4
2001,3,135.9
2001,4,136.4
2001,5,136.8
2001,6,135.5
2001,7,133.4
2001,8,133.4
2001,9,133.3
2001,10,130.3
2001,11,129.8
2001,12,128.1
2001,13,134.2
2002,1,128.5
2002,2,128.4
2002,3,129.8
2002,4,130.8
2002,5,130.8
2002,6,130.9
2002,7,131.2
2002,8,131.5
2002,9,132.3
2002,10,133.2
2002,11,133.1
2002,12,132.9
2002,13,131.1
2003,1,135.3
2003,2,137.6
2003,3,141.2
2003,4,136.8
2003,5,136.7
2003,6,138.0
2003,7,137.7
2003,8,138.0
2003,9,138.5
2003,10,139.3
2003,11,138.9
2003,12,139.5
2003,13,138.1
2004,1,141.4
2004,2,142.1
2004,3,143.1
2004,4,144.8
2004,5,146.8
2004,6,147.2
2004,7,147.4
2004,8,148.0
2004,9,147.7
2004,10,150.0
2004,11,151.4
2004,12,150.2
2004,13,146.7
2005,1,150.9
2005,2,151.6
2005,3,153.7
2005,4,155.0
2005,5,154.3
2005,6,154.3
2005,7,156.3
2005,8,157.6
2005,9,162.2
2005,10,166.2
2005,11,163.7
2005,12,163.0
2005,13,157.4
2006,1,164.3
2006,2,161.8
2006,3,162.2
2006,4,164.3
2006,5,165.8
2006,6,166.1
2006,7,166.8
2006,8,167.9
2006,9,165.4
2006,10,162.2
2006,11,164.6
2006,12,165.6
2006,13,164.7
2007,1,164.0
2007,2,166.8
2007,3,169.3
2007,4,171.4
2007,5,173.3
2007,6,173.8
2007,7,175.1
2007,8,172.4
2007,9,173.5
2007,10,174.7
2007,11,179.0
2007,12,178.6
2007,13,172.6
2008,1,181.0
2008,2,182.7
2008,3,187.9
2008,4,190.9
2008,5,196.6
2008,6,200.5
2008,7,205.5
2008,8,199.0
2008,9,196.9
2008,10,186.4
2008,11,176.8
2008,12,170.9
2008,13,189.6
2009,1,171.2
2009,2,169.3
2009,3,168.1
2009,4,169.1
2009,5,170.8
2009,6,174.1
2009,7,172.5
2009,8,175.0
2009,9,174.1
2009,10,175.2
2009,11,177.4
2009,12,178.1
2009,13,172.9
2010,1,181.9
2010,2,181.0
2010,3,183.3
2010,4,184.4
2010,5,184.8
2010,6,183.5
2010,7,184.1
2010,8,184.9
2010,9,184.9
2010,10,186.6
2010,11,187.7
2010,12,189.7
2010,13,184.7
2011,1,192.7
2011,2,195.8
2011,3,199.2
2011,4,203.1
2011,5,204.1
2011,6,203.9
2011,7,204.6
2011,8,203.2
2011,9,203.7
2011,10,201.1
2011,11,201.4
2011,12,199.8
2011,13,201.0
2012,1,200.7
2012,2,201.6
2012,3,204.2
2012,4,203.7
2012,5,201.9
2012,6,199.8
2012,7,200.1
2012,8,202.7
2012,9,204.4
2012,10,203.5
2012,11,201.8
2012,12,201.5
2012,13,202.2
2013,1,202.5
2013,2,204.3
2013,3,204.0
2013,4,203.5
2013,5,204.1
2013,6,204.3
2013,7,204.4
2013,8,204.2
2013,9,203.9
2013,10,202.5
2013,11,201.2
2013,12,202.0
2013,13,203.4
2014,1,203.8
2014,2,205.7
2014,3,207.0
2014,4,208.3
2014,5,208.0
2014,6,208.3
2014,7,208.0
2014,8,207.0
2014,9,206.4
2014,10,203.4
2014,11,200.9
2014,12,197.0
2014,13,205.3
2015,1,192.0
2015,2,191.1
2015,3,191.5
2015,4,190.9
2015,5,193.4
2015,6,194.8
2015,7,193.9
2015,8,191.9
2015,9,189.1
2015,10,187.5
2015,11,185.7
2015,12,183.5
2015,13,190.4
2016,1,182.6
2016,2,181.3
2016,3,182.1
2016,4,183.2
2016,5,185.3
2016,6,187.6
2016,7,187.7
2016,8,186.6
2016,9,186.9
2016,10,186.7
2016,11,186.3
2016,12,188.2
2016,13,185.4
2017,1,190.7
2017,2,191.6
2017,3,191.5
2017,4,193.0
2017,5,192.8
2017,6,193.6
2017,7,193.5
2017,8,193.8
2017,9,194.8
2017,10,194.9
2017,11,195.9
2017,12,196.3
2017,13,193.5
2018,1,197.9
2018,2,199.3
2018,3,199.3
2018,4,200.3
2018,5,203.2
2018,6,204.2
2018,7,204.3
2018,8,203.4
2018,9,203.6
2018,10,204.6
2018,11,202.3
2018,12,201.0
2018,13,202.0
2019,1,199.1
2019,2,199.2
2019,3,200.8
2019,4,202.1
2019,5,201.7
2019,6,200.3
2019,7,200.7
2019,8,199.2
2019,9,198.4
2019,10,198.6
2019,11,199.0
2019,12,199.0
2019,13,199.8
2020,1,199.3
2020,2,196.7
2020,3,193.1
2020,4,185.5
2020,5,188.6
2020,6,191.2
2020,7,193.0
2020,8,194.3
2020,9,195.5
2020,10,196.5
2020,11,198.3
2020,12,200.5
2020,13,194.4
2021,1,204.8
2021,2,210.6
2021,3,215.0
2021,4,217.9
2021,5,224.9
2021,6,228.9
2021,7,231.85
2021,8,233.415
2021,9,235.678
2021,10,240.465
2021,11,243.287
2021,12,241.338
2021,13,227.351
2022,1,246.453
2022,2,252.66
2022,3,260.014
2022,4,265.31
2022,5,273.251
2022,6,280.251
2022,7,272.274
2022,8,269.546
2022,9,267.898
2022,10,265.061
2022,11,263.157
2022,12,257.897
2022,13,264.481
2023,1,260.227
2023,2,258.669
2023,3,257.062
2023,4,256.908
2023,5,253.67
2023,6,253.86
2023,7,253.835
2023,8,257.68
2023,9,258.934
2023,10,255.192
2023,11,252.856
2023,12,249.866
2023,13,255.73
2024,1,251.306
2024,2,254.926
2024,3,255.095
2024,4,256.978
2024,5,255.313
2024,6,255.914
2024,7,257.321
2024,8,255.463
2024,9,252.682
2024,10,253.081
2024,11,253.211
2024,12,253.423
2024,13,254.559
2025,1,257.36
2025,2,259.498
2025,3,258.525
2025,4,258.392
2025,5,258.678
2025,6,260.491
2025,7,262.358
2025,8,262.11
2025,9,262.054
2025,10,260.599
2025,11,261.473
2025,12,260.817
2025,13,260.196
2026,1,261.524
